ID_BAT,CODE_COM,NOM_COM,NOM_EPCI,NOM_BATI,ADRESSE,X,Y,SURFACE,RENOVATION,TYPE,ANNEE,Consommation en électricité,Consommation en gaz naturel,Consommation en gaz citerne,Consommation en fioul,Consommation en chaleur,Consommation en bois,Consommation en ENR,Dépense en électricité,Dépense en gaz naturel,Dépense en gaz citerne,Dépense en fioul,Dépense en chaleur,Dépense en bois,Dépense en ENR
1,35001,Acigné,Rennes Métropole,Mairie / Salle des Clouères,Place de la Mairie,-1.5340942242553002,48.13359429413169,1070,Oui,Administratif,2006,101990,85503,,,,,,11786,4040,,,,,
1,35001,Acigné,Rennes Métropole,Mairie / Salle des Clouères,Place de la Mairie,-1.5340942242553002,48.13359429413169,1070,Oui,Administratif,2007,93323,61101,,,,,,10950,2499,,,,,
1,35001,Acigné,Rennes Métropole,Mairie / Salle des Clouères,Place de la Mairie,-1.5340942242553002,48.13359429413169,1070,Oui,Administratif,2008,108223,57530,,,,,,12081,2960,,,,,
1,35001,Acigné,Rennes Métropole,Mairie / Salle des Clouères,Place de la Mairie,-1.5340942242553002,48.13359429413169,1070,Oui,Administratif,2009,104280,55822,,,,,,12896,3536,,,,,
1,35001,Acigné,Rennes Métropole,Mairie / Salle des Clouères,Place de la Mairie,-1.5340942242553002,48.13359429413169,1070,Oui,Administratif,2010,105607,68346,,,,,,13573,3844,,,,,
1,35001,Acigné,Rennes Métropole,Mairie / Salle des Clouères,Place de la Mairie,-1.5340942242553002,48.13359429413169,1070,Oui,Administratif,2011,78539,43725,,,,,,12349,2694,,,,,
1,35001,Acigné,Rennes Métropole,Mairie / Salle des Clouères,Place de la Mairie,-1.5340942242553002,48.13359429413169,1070,Oui,Administratif,2012,94750,19359,,,,,,14621,1384,,,,,
1,35001,Acigné,Rennes Métropole,Mairie / Salle des Clouères,Place de la Mairie,-1.5340942242553002,48.13359429413169,1070,Oui,Administratif,2013,109777,27280,,,,,,16106,2303,,,,,
1,35001,Acigné,Rennes Métropole,Mairie / Salle des Clouères,Place de la Mairie,-1.5340942242553002,48.13359429413169,1070,Oui,Administratif,2014,90792,39203,,,,,,14234,2420,,,,,
1,35001,Acigné,Rennes Métropole,Mairie / Salle des Clouères,Place de la Mairie,-1.5340942242553002,48.13359429413169,1070,Oui,Administratif,2015,87627,32993,,,,,,14026,2035,,,,,
1,35001,Acigné,Rennes Métropole,Mairie / Salle des Clouères,Place de la Mairie,-1.5340942242553002,48.13359429413169,1070,Oui,Administratif,2016,88520,29595,,,,,,12591,1727,,,,,
1,35001,Acigné,Rennes Métropole,Mairie / Salle des Clouères,Place de la Mairie,-1.5340942242553002,48.13359429413169,1070,Oui,Administratif,2017,83075,36068,,,,,,12479,2037,,,,,
1,35001,Acigné,Rennes Métropole,Mairie / Salle des Clouères,Place de la Mairie,-1.5340942242553002,48.13359429413169,1070,Oui,Administratif,2018,84379,30555,,,,,,13246,1723,,,,,
1,35001,Acigné,Rennes Métropole,Mairie / Salle des Clouères,Place de la Mairie,-1.5340942242553002,48.13359429413169,1070,Oui,Administratif,2019,78650,29498,,,,,,12586,1794,,,,,
1,35001,Acigné,Rennes Métropole,Mairie / Salle des Clouères,Place de la Mairie,-1.5340942242553002,48.13359429413169,1070,Oui,Administratif,2020,75131,30480,,,,,,13155,1865,,,,,
1,35001,Acigné,Rennes Métropole,Mairie / Salle des Clouères,Place de la Mairie,-1.5340942242553002,48.13359429413169,1070,Oui,Administratif,2021,94413,39163,,,,,,16248,2304,,,,,
2,35001,Acigné,Rennes Métropole,La Passerelle,Avenue Abbé Barbedet,-1.5374075547683625,48.13471444939851,6670,Non,Scolaire,2006,286303,658899,,,,,,26156,31315,,,,,
2,35001,Acigné,Rennes Métropole,La Passerelle,Avenue Abbé Barbedet,-1.5374075547683625,48.13471444939851,6670,Non,Scolaire,2007,290383,570094,,,,,,26298,22801,,,,,
2,35001,Acigné,Rennes Métropole,La Passerelle,Avenue Abbé Barbedet,-1.5374075547683625,48.13471444939851,6670,Non,Scolaire,2008,309653,547200,,,,,,28463,27938,,,,,
2,35001,Acigné,Rennes Métropole,La Passerelle,Avenue Abbé Barbedet,-1.5374075547683625,48.13471444939851,6670,Non,Scolaire,2009,291346,549970,,,,,,29388,33789,,,,,
2,35001,Acigné,Rennes Métropole,La Passerelle,Avenue Abbé Barbedet,-1.5374075547683625,48.13471444939851,6670,Non,Scolaire,2010,269092,649590,,,,,,30577,37516,,,,,
2,35001,Acigné,Rennes Métropole,La Passerelle,Avenue Abbé Barbedet,-1.5374075547683625,48.13471444939851,6670,Non,Scolaire,2011,280524,711620,,,,,,34758,42496,,,,,
2,35001,Acigné,Rennes Métropole,La Passerelle,Avenue Abbé Barbedet,-1.5374075547683625,48.13471444939851,6670,Non,Scolaire,2012,294896,408451,,,,,,38094,27169,,,,,
2,35001,Acigné,Rennes Métropole,La Passerelle,Avenue Abbé Barbedet,-1.5374075547683625,48.13471444939851,6670,Non,Scolaire,2013,301909,638410,,,,,,42923,50422,,,,,
2,35001,Acigné,Rennes Métropole,La Passerelle,Avenue Abbé Barbedet,-1.5374075547683625,48.13471444939851,6670,Non,Scolaire,2014,300982,662951,,,,,,43067,37547,,,,,
2,35001,Acigné,Rennes Métropole,La Passerelle,Avenue Abbé Barbedet,-1.5374075547683625,48.13471444939851,6670,Non,Scolaire,2015,326278,524873,,,,,,47199,30054,,,,,
2,35001,Acigné,Rennes Métropole,La Passerelle,Avenue Abbé Barbedet,-1.5374075547683625,48.13471444939851,6670,Non,Scolaire,2016,336644,595145,,,,,,45418,31683,,,,,
2,35001,Acigné,Rennes Métropole,La Passerelle,Avenue Abbé Barbedet,-1.5374075547683625,48.13471444939851,6670,Non,Scolaire,2017,316511,669828,,,,,,44185,34019,,,,,
2,35001,Acigné,Rennes Métropole,La Passerelle,Avenue Abbé Barbedet,-1.5374075547683625,48.13471444939851,6670,Non,Scolaire,2018,303941,691926,,,,,,44127,35719,,,,,
2,35001,Acigné,Rennes Métropole,La Passerelle,Avenue Abbé Barbedet,-1.5374075547683625,48.13471444939851,6670,Non,Scolaire,2019,277985,670454,,,,,,41645,38413,,,,,
2,35001,Acigné,Rennes Métropole,La Passerelle,Avenue Abbé Barbedet,-1.5374075547683625,48.13471444939851,6670,Non,Scolaire,2020,273669,522230,,,,,,45518,31918,,,,,
2,35001,Acigné,Rennes Métropole,La Passerelle,Avenue Abbé Barbedet,-1.5374075547683625,48.13471444939851,6670,Non,Scolaire,2021,312450,648575,,,,,,52325,35958,,,,,
3,35001,Acigné,Rennes Métropole,MAPA,Impasse des 4 saisons,-1.5394502252056679,48.13239015625861,1550,Non,Sanitaire,2006,89257,216634,,,,,,8777,10674,,,,,
3,35001,Acigné,Rennes Métropole,MAPA,Impasse des 4 saisons,-1.5394502252056679,48.13239015625861,1550,Non,Sanitaire,2007,94900,262629,,,,,,9407,11811,,,,,
3,35001,Acigné,Rennes Métropole,MAPA,Impasse des 4 saisons,-1.5394502252056679,48.13239015625861,1550,Non,Sanitaire,2008,97174,225076,,,,,,9614,11237,,,,,
3,35001,Acigné,Rennes Métropole,MAPA,Impasse des 4 saisons,-1.5394502252056679,48.13239015625861,1550,Non,Sanitaire,2009,93624,209970,,,,,,9827,12360,,,,,
3,35001,Acigné,Rennes Métropole,MAPA,Impasse des 4 saisons,-1.5394502252056679,48.13239015625861,1550,Non,Sanitaire,2010,98527,216804,,,,,,10095,11998,,,,,
3,35001,Acigné,Rennes Métropole,MAPA,Impasse des 4 saisons,-1.5394502252056679,48.13239015625861,1550,Non,Sanitaire,2011,97296,206821,,,,,,11097,12259,,,,,
3,35001,Acigné,Rennes Métropole,MAPA,Impasse des 4 saisons,-1.5394502252056679,48.13239015625861,1550,Non,Sanitaire,2012,94358,218224,,,,,,10873,13901,,,,,
3,35001,Acigné,Rennes Métropole,MAPA,Impasse des 4 saisons,-1.5394502252056679,48.13239015625861,1550,Non,Sanitaire,2013,90478,224430,,,,,,11032,18075,,,,,
3,35001,Acigné,Rennes Métropole,MAPA,Impasse des 4 saisons,-1.5394502252056679,48.13239015625861,1550,Non,Sanitaire,2014,93270,189408,,,,,,11663,10699,,,,,
3,35001,Acigné,Rennes Métropole,MAPA,Impasse des 4 saisons,-1.5394502252056679,48.13239015625861,1550,Non,Sanitaire,2015,62575,187848,,,,,,8188,10818,,,,,
3,35001,Acigné,Rennes Métropole,MAPA,Impasse des 4 saisons,-1.5394502252056679,48.13239015625861,1550,Non,Sanitaire,2016,,,,,,,,,,,,,,
3,35001,Acigné,Rennes Métropole,MAPA,Impasse des 4 saisons,-1.5394502252056679,48.13239015625861,1550,Non,Sanitaire,2017,,,,,,,,,,,,,,
3,35001,Acigné,Rennes Métropole,MAPA,Impasse des 4 saisons,-1.5394502252056679,48.13239015625861,1550,Non,Sanitaire,2018,,,,,,,,,,,,,,
3,35001,Acigné,Rennes Métropole,MAPA,Impasse des 4 saisons,-1.5394502252056679,48.13239015625861,1550,Non,Sanitaire,2019,,,,,,,,,,,,,,
3,35001,Acigné,Rennes Métropole,MAPA,Impasse des 4 saisons,-1.5394502252056679,48.13239015625861,1550,Non,Sanitaire,2020,,,,,,,,,,,,,,
3,35001,Acigné,Rennes Métropole,MAPA,Impasse des 4 saisons,-1.5394502252056679,48.13239015625861,1550,Non,Sanitaire,2021,,,,,,,,,,,,,,
4,35001,Acigné,Rennes Métropole,Salle de sports de la lande Guérin,Rue des Verdaudais,-1.5336303630854378,48.13982400963904,3250,Non,Sportif,2006,67002,184045,,,,,,7616,8918,,,,,
4,35001,Acigné,Rennes Métropole,Salle de sports de la lande Guérin,Rue des Verdaudais,-1.5336303630854378,48.13982400963904,3250,Non,Sportif,2007,67802,97495,,,,,,7784,5000,,,,,
4,35001,Acigné,Rennes Métropole,Salle de sports de la lande Guérin,Rue des Verdaudais,-1.5336303630854378,48.13982400963904,3250,Non,Sportif,2008,72768,115489,,,,,,7953,6315,,,,,
4,35001,Acigné,Rennes Métropole,Salle de sports de la lande Guérin,Rue des Verdaudais,-1.5336303630854378,48.13982400963904,3250,Non,Sportif,2009,71037,112229,,,,,,8704,6760,,,,,
4,35001,Acigné,Rennes Métropole,Salle de sports de la lande Guérin,Rue des Verdaudais,-1.5336303630854378,48.13982400963904,3250,Non,Sportif,2010,63929,141689,,,,,,8141,7935,,,,,
4,35001,Acigné,Rennes Métropole,Salle de sports de la lande Guérin,Rue des Verdaudais,-1.5336303630854378,48.13982400963904,3250,Non,Sportif,2011,60827,139815,,,,,,8520,9159,,,,,
4,35001,Acigné,Rennes Métropole,Salle de sports de la lande Guérin,Rue des Verdaudais,-1.5336303630854378,48.13982400963904,3250,Non,Sportif,2012,58424,209293,,,,,,8597,14668,,,,,
4,35001,Acigné,Rennes Métropole,Salle de sports de la lande Guérin,Rue des Verdaudais,-1.5336303630854378,48.13982400963904,3250,Non,Sportif,2013,61866,177790,,,,,,9347,15160,,,,,
4,35001,Acigné,Rennes Métropole,Salle de sports de la lande Guérin,Rue des Verdaudais,-1.5336303630854378,48.13982400963904,3250,Non,Sportif,2014,62294,153544,,,,,,9943,9581,,,,,
4,35001,Acigné,Rennes Métropole,Salle de sports de la lande Guérin,Rue des Verdaudais,-1.5336303630854378,48.13982400963904,3250,Non,Sportif,2015,62616,148116,,,,,,9818,9633,,,,,
4,35001,Acigné,Rennes Métropole,Salle de sports de la lande Guérin,Rue des Verdaudais,-1.5336303630854378,48.13982400963904,3250,Non,Sportif,2016,60285,175621,,,,,,9066,11000,,,,,
4,35001,Acigné,Rennes Métropole,Salle de sports de la lande Guérin,Rue des Verdaudais,-1.5336303630854378,48.13982400963904,3250,Non,Sportif,2017,60361,178769,,,,,,9891,9483,,,,,
4,35001,Acigné,Rennes Métropole,Salle de sports de la lande Guérin,Rue des Verdaudais,-1.5336303630854378,48.13982400963904,3250,Non,Sportif,2018,51545,158006,,,,,,8453,8816,,,,,
4,35001,Acigné,Rennes Métropole,Salle de sports de la lande Guérin,Rue des Verdaudais,-1.5336303630854378,48.13982400963904,3250,Non,Sportif,2019,45089,115565,,,,,,7600,7474,,,,,
4,35001,Acigné,Rennes Métropole,Salle de sports de la lande Guérin,Rue des Verdaudais,-1.5336303630854378,48.13982400963904,3250,Non,Sportif,2020,26803,175072,,,,,,5745,9871,,,,,
4,35001,Acigné,Rennes Métropole,Salle de sports de la lande Guérin,Rue des Verdaudais,-1.5336303630854378,48.13982400963904,3250,Non,Sportif,2021,25977,104591,,,,,,5403,7568,,,,,
5,35001,Acigné,Rennes Métropole,Le Triptik,6 Rue du Triptik,-1.5330858849292897,48.14193784546948,1700,Oui,Administratif,2006,,,,,,,,,,,,,,
5,35001,Acigné,Rennes Métropole,Le Triptik,6 Rue du Triptik,-1.5330858849292897,48.14193784546948,1700,Oui,Administratif,2007,,,,,,,,,,,,,,
5,35001,Acigné,Rennes Métropole,Le Triptik,6 Rue du Triptik,-1.5330858849292897,48.14193784546948,1700,Oui,Administratif,2008,,,,,,,,,,,,,,
5,35001,Acigné,Rennes Métropole,Le Triptik,6 Rue du Triptik,-1.5330858849292897,48.14193784546948,1700,Oui,Administratif,2009,,,,,,,,,,,,,,
5,35001,Acigné,Rennes Métropole,Le Triptik,6 Rue du Triptik,-1.5330858849292897,48.14193784546948,1700,Oui,Administratif,2010,61661,,,,,,,10352,,,,,,
5,35001,Acigné,Rennes Métropole,Le Triptik,6 Rue du Triptik,-1.5330858849292897,48.14193784546948,1700,Oui,Administratif,2011,86388,,,,,,,15958,,,,,,
5,35001,Acigné,Rennes Métropole,Le Triptik,6 Rue du Triptik,-1.5330858849292897,48.14193784546948,1700,Oui,Administratif,2012,102638,,,,,,,18148,,,,,,
5,35001,Acigné,Rennes Métropole,Le Triptik,6 Rue du Triptik,-1.5330858849292897,48.14193784546948,1700,Oui,Administratif,2013,118655,,,,,,,21056,,,,,,
5,35001,Acigné,Rennes Métropole,Le Triptik,6 Rue du Triptik,-1.5330858849292897,48.14193784546948,1700,Oui,Administratif,2014,111650,,,,,,,20382,,,,,,
5,35001,Acigné,Rennes Métropole,Le Triptik,6 Rue du Triptik,-1.5330858849292897,48.14193784546948,1700,Oui,Administratif,2015,105451,,,,,,,19070,,,,,,
5,35001,Acigné,Rennes Métropole,Le Triptik,6 Rue du Triptik,-1.5330858849292897,48.14193784546948,1700,Oui,Administratif,2016,119241,,,,,,,18604,,,,,,
5,35001,Acigné,Rennes Métropole,Le Triptik,6 Rue du Triptik,-1.5330858849292897,48.14193784546948,1700,Oui,Administratif,2017,112649,,,,,,,18007,,,,,,
5,35001,Acigné,Rennes Métropole,Le Triptik,6 Rue du Triptik,-1.5330858849292897,48.14193784546948,1700,Oui,Administratif,2018,135997,,,,,,,21554,,,,,,
5,35001,Acigné,Rennes Métropole,Le Triptik,6 Rue du Triptik,-1.5330858849292897,48.14193784546948,1700,Oui,Administratif,2019,130359,,,,,,,21414,,,,,,
5,35001,Acigné,Rennes Métropole,Le Triptik,6 Rue du Triptik,-1.5330858849292897,48.14193784546948,1700,Oui,Administratif,2020,101763,,,,,,,20017,,,,,,
5,35001,Acigné,Rennes Métropole,Le Triptik,6 Rue du Triptik,-1.5330858849292897,48.14193784546948,1700,Oui,Administratif,2021,130302,,,,,,,24888,,,,,,
6,35001,Acigné,Rennes Métropole,Ecole de musique,12 Rue de Calais,-1.5347050192702687,48.13254028946765,475,Oui,Scolaire,2006,35007,,,,,,,4132,,,,,,
6,35001,Acigné,Rennes Métropole,Ecole de musique,12 Rue de Calais,-1.5347050192702687,48.13254028946765,475,Oui,Scolaire,2007,29118,,,,,,,3665,,,,,,
6,35001,Acigné,Rennes Métropole,Ecole de musique,12 Rue de Calais,-1.5347050192702687,48.13254028946765,475,Oui,Scolaire,2008,28983,,,,,,,3681,,,,,,
6,35001,Acigné,Rennes Métropole,Ecole de musique,12 Rue de Calais,-1.5347050192702687,48.13254028946765,475,Oui,Scolaire,2009,32464,,,,,,,3913,,,,,,
6,35001,Acigné,Rennes Métropole,Ecole de musique,12 Rue de Calais,-1.5347050192702687,48.13254028946765,475,Oui,Scolaire,2010,44590,,,,,,,4778,,,,,,
6,35001,Acigné,Rennes Métropole,Ecole de musique,12 Rue de Calais,-1.5347050192702687,48.13254028946765,475,Oui,Scolaire,2011,30567,,,,,,,3726,,,,,,
6,35001,Acigné,Rennes Métropole,Ecole de musique,12 Rue de Calais,-1.5347050192702687,48.13254028946765,475,Oui,Scolaire,2012,33712,,,,,,,4399,,,,,,
6,35001,Acigné,Rennes Métropole,Ecole de musique,12 Rue de Calais,-1.5347050192702687,48.13254028946765,475,Oui,Scolaire,2013,40565,,,,,,,5456,,,,,,
6,35001,Acigné,Rennes Métropole,Ecole de musique,12 Rue de Calais,-1.5347050192702687,48.13254028946765,475,Oui,Scolaire,2014,30867,,,,,,,4603,,,,,,
6,35001,Acigné,Rennes Métropole,Ecole de musique,12 Rue de Calais,-1.5347050192702687,48.13254028946765,475,Oui,Scolaire,2015,33136,,,,,,,5112,,,,,,
6,35001,Acigné,Rennes Métropole,Ecole de musique,12 Rue de Calais,-1.5347050192702687,48.13254028946765,475,Oui,Scolaire,2016,35928,,,,,,,5366,,,,,,
6,35001,Acigné,Rennes Métropole,Ecole de musique,12 Rue de Calais,-1.5347050192702687,48.13254028946765,475,Oui,Scolaire,2017,31894,,,,,,,4825,,,,,,
6,35001,Acigné,Rennes Métropole,Ecole de musique,12 Rue de Calais,-1.5347050192702687,48.13254028946765,475,Oui,Scolaire,2018,30269,,,,,,,4670,,,,,,
6,35001,Acigné,Rennes Métropole,Ecole de musique,12 Rue de Calais,-1.5347050192702687,48.13254028946765,475,Oui,Scolaire,2019,28926,,,,,,,4562,,,,,,
6,35001,Acigné,Rennes Métropole,Ecole de musique,12 Rue de Calais,-1.5347050192702687,48.13254028946765,475,Oui,Scolaire,2020,27406,,,,,,,4520,,,,,,
6,35001,Acigné,Rennes Métropole,Ecole de musique,12 Rue de Calais,-1.5347050192702687,48.13254028946765,475,Oui,Scolaire,2021,27778,,,,,,,4683,,,,,,
7,35001,Acigné,Rennes Métropole,Complexe sportif du Chèvre + Multi-accueil Chrysalide,Rue Saint-Exupéry,-1.5398980488206235,48.135969238468604,3320,Oui,Sportif,2006,59496,150970,,,,,,7556,7013,,,,,
7,35001,Acigné,Rennes Métropole,Complexe sportif du Chèvre + Multi-accueil Chrysalide,Rue Saint-Exupéry,-1.5398980488206235,48.135969238468604,3320,Oui,Sportif,2007,57779,209006,,,,,,7480,8104,,,,,
7,35001,Acigné,Rennes Métropole,Complexe sportif du Chèvre + Multi-accueil Chrysalide,Rue Saint-Exupéry,-1.5398980488206235,48.135969238468604,3320,Oui,Sportif,2008,49302,120643,,,,,,6570,6003,,,,,
7,35001,Acigné,Rennes Métropole,Complexe sportif du Chèvre + Multi-accueil Chrysalide,Rue Saint-Exupéry,-1.5398980488206235,48.135969238468604,3320,Oui,Sportif,2009,53128,116079,,,,,,7533,7135,,,,,
7,35001,Acigné,Rennes Métropole,Complexe sportif du Chèvre + Multi-accueil Chrysalide,Rue Saint-Exupéry,-1.5398980488206235,48.135969238468604,3320,Oui,Sportif,2010,48574,100317,,,,,,7604,5774,,,,,
7,35001,Acigné,Rennes Métropole,Complexe sportif du Chèvre + Multi-accueil Chrysalide,Rue Saint-Exupéry,-1.5398980488206235,48.135969238468604,3320,Oui,Sportif,2011,43122,94263,,,,,,7834,5601,,,,,
7,35001,Acigné,Rennes Métropole,Complexe sportif du Chèvre + Multi-accueil Chrysalide,Rue Saint-Exupéry,-1.5398980488206235,48.135969238468604,3320,Oui,Sportif,2012,49738,81092,,,,,,8428,5224,,,,,
7,35001,Acigné,Rennes Métropole,Complexe sportif du Chèvre + Multi-accueil Chrysalide,Rue Saint-Exupéry,-1.5398980488206235,48.135969238468604,3320,Oui,Sportif,2013,65710,116159,,,,17271,,10479,9197,,,,1184,
7,35001,Acigné,Rennes Métropole,Complexe sportif du Chèvre + Multi-accueil Chrysalide,Rue Saint-Exupéry,-1.5398980488206235,48.135969238468604,3320,Oui,Sportif,2014,68038,92905,,,,30532,,11185,5083,,,,1933,
7,35001,Acigné,Rennes Métropole,Complexe sportif du Chèvre + Multi-accueil Chrysalide,Rue Saint-Exupéry,-1.5398980488206235,48.135969238468604,3320,Oui,Sportif,2015,78101,102355,,,,31371,,12046,5679,,,,1919,
7,35001,Acigné,Rennes Métropole,Complexe sportif du Chèvre + Multi-accueil Chrysalide,Rue Saint-Exupéry,-1.5398980488206235,48.135969238468604,3320,Oui,Sportif,2016,86515,111623,,,,23557,,12274,5759,,,,1535,
7,35001,Acigné,Rennes Métropole,Complexe sportif du Chèvre + Multi-accueil Chrysalide,Rue Saint-Exupéry,-1.5398980488206235,48.135969238468604,3320,Oui,Sportif,2017,66283,111883,,,,27883,,10075,5931,,,,1640,
7,35001,Acigné,Rennes Métropole,Complexe sportif du Chèvre + Multi-accueil Chrysalide,Rue Saint-Exupéry,-1.5398980488206235,48.135969238468604,3320,Oui,Sportif,2018,53659,168404,,,,32826,,8798,8430,,,,1970,
7,35001,Acigné,Rennes Métropole,Complexe sportif du Chèvre + Multi-accueil Chrysalide,Rue Saint-Exupéry,-1.5398980488206235,48.135969238468604,3320,Oui,Sportif,2019,56567,119681,,,,26890,,9506,6989,,,,1660,
7,35001,Acigné,Rennes Métropole,Complexe sportif du Chèvre + Multi-accueil Chrysalide,Rue Saint-Exupéry,-1.5398980488206235,48.135969238468604,3320,Oui,Sportif,2020,49355,104157,,,,47088,,9076,6406,,,,2563,
7,35001,Acigné,Rennes Métropole,Complexe sportif du Chèvre + Multi-accueil Chrysalide,Rue Saint-Exupéry,-1.5398980488206235,48.135969238468604,3320,Oui,Sportif,2021,49005,105731,,,,25479,,8998,7147,,,,1661,
8,35001,Acigné,Rennes Métropole,Centre technique municipal,11 Joval,-1.5178307977041148,48.13504624414585,1600,Non,Administratif,2006,11316,110286,,,,,,2700,6611,,,,,
8,35001,Acigné,Rennes Métropole,Centre technique municipal,11 Joval,-1.5178307977041148,48.13504624414585,1600,Non,Administratif,2007,9407,86523,,,,,,2527,4119,,,,,
8,35001,Acigné,Rennes Métropole,Centre technique municipal,11 Joval,-1.5178307977041148,48.13504624414585,1600,Non,Administratif,2008,12794,59141,,,,,,2737,3415,,,,,
8,35001,Acigné,Rennes Métropole,Centre technique municipal,11 Joval,-1.5178307977041148,48.13504624414585,1600,Non,Administratif,2009,7992,56713,,,,,,2782,3545,,,,,
8,35001,Acigné,Rennes Métropole,Centre technique municipal,11 Joval,-1.5178307977041148,48.13504624414585,1600,Non,Administratif,2010,8453,70279,,,,,,3396,4145,,,,,
8,35001,Acigné,Rennes Métropole,Centre technique municipal,11 Joval,-1.5178307977041148,48.13504624414585,1600,Non,Administratif,2011,10110,78861,,,,,,3898,5355,,,,,
8,35001,Acigné,Rennes Métropole,Centre technique municipal,11 Joval,-1.5178307977041148,48.13504624414585,1600,Non,Administratif,2012,8711,63364,,,,,,2601,4867,,,,,
8,35001,Acigné,Rennes Métropole,Centre technique municipal,11 Joval,-1.5178307977041148,48.13504624414585,1600,Non,Administratif,2013,8818,61335,,,,,,1399,5625,,,,,
8,35001,Acigné,Rennes Métropole,Centre technique municipal,11 Joval,-1.5178307977041148,48.13504624414585,1600,Non,Administratif,2014,8608,75505,,,,,,1479,4737,,,,,
8,35001,Acigné,Rennes Métropole,Centre technique municipal,11 Joval,-1.5178307977041148,48.13504624414585,1600,Non,Administratif,2015,9722,74854,,,,,,1704,5174,,,,,
8,35001,Acigné,Rennes Métropole,Centre technique municipal,11 Joval,-1.5178307977041148,48.13504624414585,1600,Non,Administratif,2016,14208,87778,,,,,,2287,5759,,,,,
8,35001,Acigné,Rennes Métropole,Centre technique municipal,11 Joval,-1.5178307977041148,48.13504624414585,1600,Non,Administratif,2017,16870,69431,,,,,,2655,4012,,,,,
8,35001,Acigné,Rennes Métropole,Centre technique municipal,11 Joval,-1.5178307977041148,48.13504624414585,1600,Non,Administratif,2018,15033,69912,,,,,,2454,4178,,,,,
8,35001,Acigné,Rennes Métropole,Centre technique municipal,11 Joval,-1.5178307977041148,48.13504624414585,1600,Non,Administratif,2019,11362,77432,,,,,,1995,5077,,,,,
8,35001,Acigné,Rennes Métropole,Centre technique municipal,11 Joval,-1.5178307977041148,48.13504624414585,1600,Non,Administratif,2020,10611,80258,,,,,,1811,4991,,,,,
8,35001,Acigné,Rennes Métropole,Centre technique municipal,11 Joval,-1.5178307977041148,48.13504624414585,1600,Non,Administratif,2021,14744,71566,,,,,,2533,4526,,,,,
9,35001,Acigné,Rennes Métropole,Ferme de la Motte,58 Rue du Fort de la Motte,-1.526925069348618,48.13194410340653,240,Non,Scolaire,2006,16565,15182,,,,,,2023,841,,,,,
9,35001,Acigné,Rennes Métropole,Ferme de la Motte,58 Rue du Fort de la Motte,-1.526925069348618,48.13194410340653,240,Non,Scolaire,2007,8696,17248,,,,,,1217,804,,,,,
9,35001,Acigné,Rennes Métropole,Ferme de la Motte,58 Rue du Fort de la Motte,-1.526925069348618,48.13194410340653,240,Non,Scolaire,2008,14808,12557,,,,,,1879,770,,,,,
9,35001,Acigné,Rennes Métropole,Ferme de la Motte,58 Rue du Fort de la Motte,-1.526925069348618,48.13194410340653,240,Non,Scolaire,2009,13474,14252,,,,,,1689,1022,,,,,
9,35001,Acigné,Rennes Métropole,Ferme de la Motte,58 Rue du Fort de la Motte,-1.526925069348618,48.13194410340653,240,Non,Scolaire,2010,10367,17078,,,,,,1711,1081,,,,,
9,35001,Acigné,Rennes Métropole,Ferme de la Motte,58 Rue du Fort de la Motte,-1.526925069348618,48.13194410340653,240,Non,Scolaire,2011,9968,9146,,,,,,1608,711,,,,,
9,35001,Acigné,Rennes Métropole,Ferme de la Motte,58 Rue du Fort de la Motte,-1.526925069348618,48.13194410340653,240,Non,Scolaire,2012,11596,8915,,,,,,1976,712,,,,,
9,35001,Acigné,Rennes Métropole,Ferme de la Motte,58 Rue du Fort de la Motte,-1.526925069348618,48.13194410340653,240,Non,Scolaire,2013,11141,10699,,,,,,2061,1007,,,,,
9,35001,Acigné,Rennes Métropole,Ferme de la Motte,58 Rue du Fort de la Motte,-1.526925069348618,48.13194410340653,240,Non,Scolaire,2014,8267,11139,,,,,,1766,877,,,,,
9,35001,Acigné,Rennes Métropole,Ferme de la Motte,58 Rue du Fort de la Motte,-1.526925069348618,48.13194410340653,240,Non,Scolaire,2015,9093,11078,,,,,,2068,697,,,,,
9,35001,Acigné,Rennes Métropole,Ferme de la Motte,58 Rue du Fort de la Motte,-1.526925069348618,48.13194410340653,240,Non,Scolaire,2016,9377,12217,,,,,,2071,786,,,,,
9,35001,Acigné,Rennes Métropole,Ferme de la Motte,58 Rue du Fort de la Motte,-1.526925069348618,48.13194410340653,240,Non,Scolaire,2017,12598,14068,,,,,,2472,917,,,,,
9,35001,Acigné,Rennes Métropole,Ferme de la Motte,58 Rue du Fort de la Motte,-1.526925069348618,48.13194410340653,240,Non,Scolaire,2018,12341,10833,,,,,,2300,738,,,,,
9,35001,Acigné,Rennes Métropole,Ferme de la Motte,58 Rue du Fort de la Motte,-1.526925069348618,48.13194410340653,240,Non,Scolaire,2019,8506,10074,,,,,,1626,736,,,,,
9,35001,Acigné,Rennes Métropole,Ferme de la Motte,58 Rue du Fort de la Motte,-1.526925069348618,48.13194410340653,240,Non,Scolaire,2020,9387,7197,,,,,,1916,617,,,,,
9,35001,Acigné,Rennes Métropole,Ferme de la Motte,58 Rue du Fort de la Motte,-1.526925069348618,48.13194410340653,240,Non,Scolaire,2021,11295,9772,,,,,,2184,727,,,,,
10,35001,Acigné,Rennes Métropole,EPHAD,2 Rue Germaine Tillion,-1.5283097692757388,48.14119546889913,3900,Oui,Sanitaire,2006,,,,,,,,,,,,,,
10,35001,Acigné,Rennes Métropole,EPHAD,2 Rue Germaine Tillion,-1.5283097692757388,48.14119546889913,3900,Oui,Sanitaire,2007,,,,,,,,,,,,,,
10,35001,Acigné,Rennes Métropole,EPHAD,2 Rue Germaine Tillion,-1.5283097692757388,48.14119546889913,3900,Oui,Sanitaire,2008,,,,,,,,,,,,,,
10,35001,Acigné,Rennes Métropole,EPHAD,2 Rue Germaine Tillion,-1.5283097692757388,48.14119546889913,3900,Oui,Sanitaire,2009,,,,,,,,,,,,,,
10,35001,Acigné,Rennes Métropole,EPHAD,2 Rue Germaine Tillion,-1.5283097692757388,48.14119546889913,3900,Oui,Sanitaire,2010,,,,,,,,,,,,,,
10,35001,Acigné,Rennes Métropole,EPHAD,2 Rue Germaine Tillion,-1.5283097692757388,48.14119546889913,3900,Oui,Sanitaire,2011,,,,,,,,,,,,,,
10,35001,Acigné,Rennes Métropole,EPHAD,2 Rue Germaine Tillion,-1.5283097692757388,48.14119546889913,3900,Oui,Sanitaire,2012,,,,,,,,,,,,,,
10,35001,Acigné,Rennes Métropole,EPHAD,2 Rue Germaine Tillion,-1.5283097692757388,48.14119546889913,3900,Oui,Sanitaire,2013,,,,,,,,,,,,,,
10,35001,Acigné,Rennes Métropole,EPHAD,2 Rue Germaine Tillion,-1.5283097692757388,48.14119546889913,3900,Oui,Sanitaire,2014,,,,,,,,,,,,,,
10,35001,Acigné,Rennes Métropole,EPHAD,2 Rue Germaine Tillion,-1.5283097692757388,48.14119546889913,3900,Oui,Sanitaire,2015,73391,14726,,,,34136,,11996,915,,,,,1098
10,35001,Acigné,Rennes Métropole,EPHAD,2 Rue Germaine Tillion,-1.5283097692757388,48.14119546889913,3900,Oui,Sanitaire,2016,204011,257345,,,,114509,,26731,12847,,,,,4021
10,35001,Acigné,Rennes Métropole,EPHAD,2 Rue Germaine Tillion,-1.5283097692757388,48.14119546889913,3900,Oui,Sanitaire,2017,193664,316300,,,,50110,,25973,15949,,,,,1584
10,35001,Acigné,Rennes Métropole,EPHAD,2 Rue Germaine Tillion,-1.5283097692757388,48.14119546889913,3900,Oui,Sanitaire,2018,187522,315025,,,,,,25335,16528,,,,,
10,35001,Acigné,Rennes Métropole,EPHAD,2 Rue Germaine Tillion,-1.5283097692757388,48.14119546889913,3900,Oui,Sanitaire,2019,179076,363191,,,,116371,,24431,21301,,,,,4271
10,35001,Acigné,Rennes Métropole,EPHAD,2 Rue Germaine Tillion,-1.5283097692757388,48.14119546889913,3900,Oui,Sanitaire,2020,182001,308219,,,,30530,,26876,17255,,,,,1189
10,35001,Acigné,Rennes Métropole,EPHAD,2 Rue Germaine Tillion,-1.5283097692757388,48.14119546889913,3900,Oui,Sanitaire,2021,174066,311255,,,,117096,,26809,18092,,,,,5067
11,35001,Acigné,Rennes Métropole,Vestiaires de rugby,Rue des Verdaudais,-1.5342747773064997,48.14165680684592,291,Non,Sportif,2006,,,,,,,,,,,,,,
11,35001,Acigné,Rennes Métropole,Vestiaires de rugby,Rue des Verdaudais,-1.5342747773064997,48.14165680684592,291,Non,Sportif,2007,,,,,,,,,,,,,,
11,35001,Acigné,Rennes Métropole,Vestiaires de rugby,Rue des Verdaudais,-1.5342747773064997,48.14165680684592,291,Non,Sportif,2008,,,,,,,,,,,,,,
11,35001,Acigné,Rennes Métropole,Vestiaires de rugby,Rue des Verdaudais,-1.5342747773064997,48.14165680684592,291,Non,Sportif,2009,,,,,,,,,,,,,,
11,35001,Acigné,Rennes Métropole,Vestiaires de rugby,Rue des Verdaudais,-1.5342747773064997,48.14165680684592,291,Non,Sportif,2010,,,,,,,,,,,,,,
11,35001,Acigné,Rennes Métropole,Vestiaires de rugby,Rue des Verdaudais,-1.5342747773064997,48.14165680684592,291,Non,Sportif,2011,,,,,,,,,,,,,,
11,35001,Acigné,Rennes Métropole,Vestiaires de rugby,Rue des Verdaudais,-1.5342747773064997,48.14165680684592,291,Non,Sportif,2012,,,,,,,,,,,,,,
11,35001,Acigné,Rennes Métropole,Vestiaires de rugby,Rue des Verdaudais,-1.5342747773064997,48.14165680684592,291,Non,Sportif,2013,,,,,,,,,,,,,,
11,35001,Acigné,Rennes Métropole,Vestiaires de rugby,Rue des Verdaudais,-1.5342747773064997,48.14165680684592,291,Non,Sportif,2014,,,,,,,,,,,,,,
11,35001,Acigné,Rennes Métropole,Vestiaires de rugby,Rue des Verdaudais,-1.5342747773064997,48.14165680684592,291,Non,Sportif,2015,,,,,,,,,,,,,,
11,35001,Acigné,Rennes Métropole,Vestiaires de rugby,Rue des Verdaudais,-1.5342747773064997,48.14165680684592,291,Non,Sportif,2016,,,,,,,,,,,,,,
11,35001,Acigné,Rennes Métropole,Vestiaires de rugby,Rue des Verdaudais,-1.5342747773064997,48.14165680684592,291,Non,Sportif,2017,,,,,,,,,,,,,,
11,35001,Acigné,Rennes Métropole,Vestiaires de rugby,Rue des Verdaudais,-1.5342747773064997,48.14165680684592,291,Non,Sportif,2018,,,,,,,,,,,,,,
11,35001,Acigné,Rennes Métropole,Vestiaires de rugby,Rue des Verdaudais,-1.5342747773064997,48.14165680684592,291,Non,Sportif,2019,,,,,,,,,,,,,,
11,35001,Acigné,Rennes Métropole,Vestiaires de rugby,Rue des Verdaudais,-1.5342747773064997,48.14165680684592,291,Non,Sportif,2020,7218,23604,,,,,,1684,1351,,,,,
11,35001,Acigné,Rennes Métropole,Vestiaires de rugby,Rue des Verdaudais,-1.5342747773064997,48.14165680684592,291,Non,Sportif,2021,6224,26228,,,,,,1351,1744,,,,,
12,35139,Laillé,Rennes Métropole,"Salle des sports, Haut Patis",12 Rue du Stade,-1.7150277771343,47.982655453554,1800,Non,Sportif,2006,,,,,,,,,,,,,,
12,35139,Laillé,Rennes Métropole,"Salle des sports, Haut Patis",12 Rue du Stade,-1.7150277771343,47.982655453554,1800,Non,Sportif,2007,,,,,,,,,,,,,,
12,35139,Laillé,Rennes Métropole,"Salle des sports, Haut Patis",12 Rue du Stade,-1.7150277771343,47.982655453554,1800,Non,Sportif,2008,,,,,,,,,,,,,,
12,35139,Laillé,Rennes Métropole,"Salle des sports, Haut Patis",12 Rue du Stade,-1.7150277771343,47.982655453554,1800,Non,Sportif,2009,37110,,,,,,,5567,,,,,,
12,35139,Laillé,Rennes Métropole,"Salle des sports, Haut Patis",12 Rue du Stade,-1.7150277771343,47.982655453554,1800,Non,Sportif,2010,38500,,,,,,,6515,,,,,,
12,35139,Laillé,Rennes Métropole,"Salle des sports, Haut Patis",12 Rue du Stade,-1.7150277771343,47.982655453554,1800,Non,Sportif,2011,37601,,,,,,,6676,,,,,,
12,35139,Laillé,Rennes Métropole,"Salle des sports, Haut Patis",12 Rue du Stade,-1.7150277771343,47.982655453554,1800,Non,Sportif,2012,44108,,,,,,,7202,,,,,,
12,35139,Laillé,Rennes Métropole,"Salle des sports, Haut Patis",12 Rue du Stade,-1.7150277771343,47.982655453554,1800,Non,Sportif,2013,41063,,,,,,,7355,,,,,,
12,35139,Laillé,Rennes Métropole,"Salle des sports, Haut Patis",12 Rue du Stade,-1.7150277771343,47.982655453554,1800,Non,Sportif,2014,43940,,,,,,,7949,,,,,,
12,35139,Laillé,Rennes Métropole,"Salle des sports, Haut Patis",12 Rue du Stade,-1.7150277771343,47.982655453554,1800,Non,Sportif,2015,43512,,,,,,,7627,,,,,,
12,35139,Laillé,Rennes Métropole,"Salle des sports, Haut Patis",12 Rue du Stade,-1.7150277771343,47.982655453554,1800,Non,Sportif,2016,44418,,,,,,,7798,,,,,,
12,35139,Laillé,Rennes Métropole,"Salle des sports, Haut Patis",12 Rue du Stade,-1.7150277771343,47.982655453554,1800,Non,Sportif,2017,40098,,,,,,,6438,,,,,,
12,35139,Laillé,Rennes Métropole,"Salle des sports, Haut Patis",12 Rue du Stade,-1.7150277771343,47.982655453554,1800,Non,Sportif,2018,43438,,,,,,,7374,,,,,,
12,35139,Laillé,Rennes Métropole,"Salle des sports, Haut Patis",12 Rue du Stade,-1.7150277771343,47.982655453554,1800,Non,Sportif,2019,43150,,,,,,,7392,,,,,,
12,35139,Laillé,Rennes Métropole,"Salle des sports, Haut Patis",12 Rue du Stade,-1.7150277771343,47.982655453554,1800,Non,Sportif,2020,29996,,,,,,,5929,,,,,,
12,35139,Laillé,Rennes Métropole,"Salle des sports, Haut Patis",12 Rue du Stade,-1.7150277771343,47.982655453554,1800,Non,Sportif,2021,19980,,,,,,,4008,,,,,,
13,35139,Laillé,Rennes Métropole,Le Point 21,21 Rue du Point du Jour,-1.7170939,47.9784058,1600,Oui,Culturel,2006,,,,,,,,,,,,,,
13,35139,Laillé,Rennes Métropole,Le Point 21,21 Rue du Point du Jour,-1.7170939,47.9784058,1600,Oui,Culturel,2007,,,,,,,,,,,,,,
13,35139,Laillé,Rennes Métropole,Le Point 21,21 Rue du Point du Jour,-1.7170939,47.9784058,1600,Oui,Culturel,2008,,,,,,,,,,,,,,
13,35139,Laillé,Rennes Métropole,Le Point 21,21 Rue du Point du Jour,-1.7170939,47.9784058,1600,Oui,Culturel,2009,25798,196212,,,,,,3359,10843,,,,,
13,35139,Laillé,Rennes Métropole,Le Point 21,21 Rue du Point du Jour,-1.7170939,47.9784058,1600,Oui,Culturel,2010,29187,174309,,,,,,4230,11929,,,,,
13,35139,Laillé,Rennes Métropole,Le Point 21,21 Rue du Point du Jour,-1.7170939,47.9784058,1600,Oui,Culturel,2011,34307,198610,,,,,,4783,10788,,,,,
13,35139,Laillé,Rennes Métropole,Le Point 21,21 Rue du Point du Jour,-1.7170939,47.9784058,1600,Oui,Culturel,2012,33530,173159,,,,,,4611,12748,,,,,
13,35139,Laillé,Rennes Métropole,Le Point 21,21 Rue du Point du Jour,-1.7170939,47.9784058,1600,Oui,Culturel,2013,33277,167797,,,,,,4581,12664,,,,,
13,35139,Laillé,Rennes Métropole,Le Point 21,21 Rue du Point du Jour,-1.7170939,47.9784058,1600,Oui,Culturel,2014,31795,171238,,,,,,4654,8916,,,,,
13,35139,Laillé,Rennes Métropole,Le Point 21,21 Rue du Point du Jour,-1.7170939,47.9784058,1600,Oui,Culturel,2015,31887,186437,,,,,,4858,9279,,,,,
13,35139,Laillé,Rennes Métropole,Le Point 21,21 Rue du Point du Jour,-1.7170939,47.9784058,1600,Oui,Culturel,2016,32473,187288,,,,,,4874,11626,,,,,
13,35139,Laillé,Rennes Métropole,Le Point 21,21 Rue du Point du Jour,-1.7170939,47.9784058,1600,Oui,Culturel,2017,27428,189984,,,,,,4208,8566,,,,,
13,35139,Laillé,Rennes Métropole,Le Point 21,21 Rue du Point du Jour,-1.7170939,47.9784058,1600,Oui,Culturel,2018,24101,175887,,,,,,3821,10883,,,,,
13,35139,Laillé,Rennes Métropole,Le Point 21,21 Rue du Point du Jour,-1.7170939,47.9784058,1600,Oui,Culturel,2019,24583,70875,,,,65617,,4062,5308,,,,2516,
13,35139,Laillé,Rennes Métropole,Le Point 21,21 Rue du Point du Jour,-1.7170939,47.9784058,1600,Oui,Culturel,2020,24560,43412,,,,196127,,4333,2533,,,,6237,
13,35139,Laillé,Rennes Métropole,Le Point 21,21 Rue du Point du Jour,-1.7170939,47.9784058,1600,Oui,Culturel,2021,28769,102848,,,,150399,,7785,6063,,,,5114,
14,35139,Laillé,Rennes Métropole,Groupe Scolaire / ALSH,23 Rue du Parc,-1.7198736,47.9807299,3210,Oui,Scolaire,2006,,,,,,,,,,,,,,
14,35139,Laillé,Rennes Métropole,Groupe Scolaire / ALSH,23 Rue du Parc,-1.7198736,47.9807299,3210,Oui,Scolaire,2007,,,,,,,,,,,,,,
14,35139,Laillé,Rennes Métropole,Groupe Scolaire / ALSH,23 Rue du Parc,-1.7198736,47.9807299,3210,Oui,Scolaire,2008,,,,,,,,,,,,,,
14,35139,Laillé,Rennes Métropole,Groupe Scolaire / ALSH,23 Rue du Parc,-1.7198736,47.9807299,3210,Oui,Scolaire,2009,64869,418840,,,,,,8711,25245,,,,,
14,35139,Laillé,Rennes Métropole,Groupe Scolaire / ALSH,23 Rue du Parc,-1.7198736,47.9807299,3210,Oui,Scolaire,2010,66384,396994,,,,,,9208,24575,,,,,
14,35139,Laillé,Rennes Métropole,Groupe Scolaire / ALSH,23 Rue du Parc,-1.7198736,47.9807299,3210,Oui,Scolaire,2011,64395,332656,,,,,,8640,24758,,,,,
14,35139,Laillé,Rennes Métropole,Groupe Scolaire / ALSH,23 Rue du Parc,-1.7198736,47.9807299,3210,Oui,Scolaire,2012,67512,392366,,,,,,8956,28581,,,,,
14,35139,Laillé,Rennes Métropole,Groupe Scolaire / ALSH,23 Rue du Parc,-1.7198736,47.9807299,3210,Oui,Scolaire,2013,64514,351351,,,,,,9202,29201,,,,,
14,35139,Laillé,Rennes Métropole,Groupe Scolaire / ALSH,23 Rue du Parc,-1.7198736,47.9807299,3210,Oui,Scolaire,2014,67931,352191,,,,,,10081,23512,,,,,
14,35139,Laillé,Rennes Métropole,Groupe Scolaire / ALSH,23 Rue du Parc,-1.7198736,47.9807299,3210,Oui,Scolaire,2015,62483,320868,,,,,,9445,22544,,,,,
14,35139,Laillé,Rennes Métropole,Groupe Scolaire / ALSH,23 Rue du Parc,-1.7198736,47.9807299,3210,Oui,Scolaire,2016,66004,363611,,,,,,9429,26411,,,,,
14,35139,Laillé,Rennes Métropole,Groupe Scolaire / ALSH,23 Rue du Parc,-1.7198736,47.9807299,3210,Oui,Scolaire,2017,66270,350716,,,,,,9947,20343,,,,,
14,35139,Laillé,Rennes Métropole,Groupe Scolaire / ALSH,23 Rue du Parc,-1.7198736,47.9807299,3210,Oui,Scolaire,2018,66956,355219,,,,,,10177,19522,,,,,
14,35139,Laillé,Rennes Métropole,Groupe Scolaire / ALSH,23 Rue du Parc,-1.7198736,47.9807299,3210,Oui,Scolaire,2019,64503,222534,,,,127373,,13115,16621,,,,4884,
14,35139,Laillé,Rennes Métropole,Groupe Scolaire / ALSH,23 Rue du Parc,-1.7198736,47.9807299,3210,Oui,Scolaire,2020,56831,84271,,,,380717,,12180,12101,,,,11854,
14,35139,Laillé,Rennes Métropole,Groupe Scolaire / ALSH,23 Rue du Parc,-1.7198736,47.9807299,3210,Oui,Scolaire,2021,64990,203511,,,,255424,,13889,10324,,,,8684,
15,35139,Laillé,Rennes Métropole,Crèche Halte Garderie,1 Allée du Château Noble,-1.7211936,47.9779754,270,Non,Scolaire,2006,,,,,,,,,,,,,,
15,35139,Laillé,Rennes Métropole,Crèche Halte Garderie,1 Allée du Château Noble,-1.7211936,47.9779754,270,Non,Scolaire,2007,,,,,,,,,,,,,,
15,35139,Laillé,Rennes Métropole,Crèche Halte Garderie,1 Allée du Château Noble,-1.7211936,47.9779754,270,Non,Scolaire,2008,,,,,,,,,,,,,,
15,35139,Laillé,Rennes Métropole,Crèche Halte Garderie,1 Allée du Château Noble,-1.7211936,47.9779754,270,Non,Scolaire,2009,17191,46199,,,,,,1678,2544,,,,,
15,35139,Laillé,Rennes Métropole,Crèche Halte Garderie,1 Allée du Château Noble,-1.7211936,47.9779754,270,Non,Scolaire,2010,16398,48185,,,,,,2006,3083,,,,,
15,35139,Laillé,Rennes Métropole,Crèche Halte Garderie,1 Allée du Château Noble,-1.7211936,47.9779754,270,Non,Scolaire,2011,16104,40905,,,,,,2128,0,,,,,
15,35139,Laillé,Rennes Métropole,Crèche Halte Garderie,1 Allée du Château Noble,-1.7211936,47.9779754,270,Non,Scolaire,2012,17778,46966,,,,,,2449,3702,,,,,
15,35139,Laillé,Rennes Métropole,Crèche Halte Garderie,1 Allée du Château Noble,-1.7211936,47.9779754,270,Non,Scolaire,2013,18803,39219,,,,,,2727,3177,,,,,
15,35139,Laillé,Rennes Métropole,Crèche Halte Garderie,1 Allée du Château Noble,-1.7211936,47.9779754,270,Non,Scolaire,2014,18202,45175,,,,,,2768,3163,,,,,
15,35139,Laillé,Rennes Métropole,Crèche Halte Garderie,1 Allée du Château Noble,-1.7211936,47.9779754,270,Non,Scolaire,2015,16095,49492,,,,,,2627,3123,,,,,
15,35139,Laillé,Rennes Métropole,Crèche Halte Garderie,1 Allée du Château Noble,-1.7211936,47.9779754,270,Non,Scolaire,2016,16449,38451,,,,,,2597,3213,,,,,
15,35139,Laillé,Rennes Métropole,Crèche Halte Garderie,1 Allée du Château Noble,-1.7211936,47.9779754,270,Non,Scolaire,2017,15953,47943,,,,,,2525,2773,,,,,
15,35139,Laillé,Rennes Métropole,Crèche Halte Garderie,1 Allée du Château Noble,-1.7211936,47.9779754,270,Non,Scolaire,2018,13582,38515,,,,,,2228,2263,,,,,
15,35139,Laillé,Rennes Métropole,Crèche Halte Garderie,1 Allée du Château Noble,-1.7211936,47.9779754,270,Non,Scolaire,2019,13420,45299,,,,,,2331,2848,,,,,
15,35139,Laillé,Rennes Métropole,Crèche Halte Garderie,1 Allée du Château Noble,-1.7211936,47.9779754,270,Non,Scolaire,2020,14343,34713,,,,,,2622,2004,,,,,
15,35139,Laillé,Rennes Métropole,Crèche Halte Garderie,1 Allée du Château Noble,-1.7211936,47.9779754,270,Non,Scolaire,2021,13128,37271,,,,,,2222,2211,,,,,
16,35139,Laillé,Rennes Métropole,Mairie,Rue de la Halte,-1.7214672,47.9787589,400,Non,Administratif,2006,,,,,,,,,,,,,,
16,35139,Laillé,Rennes Métropole,Mairie,Rue de la Halte,-1.7214672,47.9787589,400,Non,Administratif,2007,,,,,,,,,,,,,,
16,35139,Laillé,Rennes Métropole,Mairie,Rue de la Halte,-1.7214672,47.9787589,400,Non,Administratif,2008,,,,,,,,,,,,,,
16,35139,Laillé,Rennes Métropole,Mairie,Rue de la Halte,-1.7214672,47.9787589,400,Non,Administratif,2009,42826,,,,,,,5265,,,,,,
16,35139,Laillé,Rennes Métropole,Mairie,Rue de la Halte,-1.7214672,47.9787589,400,Non,Administratif,2010,51929,,,,,,,6053,,,,,,
16,35139,Laillé,Rennes Métropole,Mairie,Rue de la Halte,-1.7214672,47.9787589,400,Non,Administratif,2011,39119,,,,,,,4985,,,,,,
16,35139,Laillé,Rennes Métropole,Mairie,Rue de la Halte,-1.7214672,47.9787589,400,Non,Administratif,2012,47258,,,,,,,6169,,,,,,
16,35139,Laillé,Rennes Métropole,Mairie,Rue de la Halte,-1.7214672,47.9787589,400,Non,Administratif,2013,48580,,,,,,,6631,,,,,,
16,35139,Laillé,Rennes Métropole,Mairie,Rue de la Halte,-1.7214672,47.9787589,400,Non,Administratif,2014,41507,,,,,,,6007,,,,,,
16,35139,Laillé,Rennes Métropole,Mairie,Rue de la Halte,-1.7214672,47.9787589,400,Non,Administratif,2015,38524,,,,,,,6109,,,,,,
16,35139,Laillé,Rennes Métropole,Mairie,Rue de la Halte,-1.7214672,47.9787589,400,Non,Administratif,2016,38794,,,,,,,5764,,,,,,
16,35139,Laillé,Rennes Métropole,Mairie,Rue de la Halte,-1.7214672,47.9787589,400,Non,Administratif,2017,40936,,,,,,,6168,,,,,,
16,35139,Laillé,Rennes Métropole,Mairie,Rue de la Halte,-1.7214672,47.9787589,400,Non,Administratif,2018,44402,,,,,,,6748,,,,,,
16,35139,Laillé,Rennes Métropole,Mairie,Rue de la Halte,-1.7214672,47.9787589,400,Non,Administratif,2019,40929,,,,,,,6499,,,,,,
16,35139,Laillé,Rennes Métropole,Mairie,Rue de la Halte,-1.7214672,47.9787589,400,Non,Administratif,2020,40791,,,,,,,6845,,,,,,
16,35139,Laillé,Rennes Métropole,Mairie,Rue de la Halte,-1.7214672,47.9787589,400,Non,Administratif,2021,43109,,,,,,,7024,,,,,,
17,35139,Laillé,Rennes Métropole,Restaurant scolaire,3 Rue du Patis,-1.7157448,47.9795322,927,Oui,Scolaire,2006,,,,,,,,,,,,,,
17,35139,Laillé,Rennes Métropole,Restaurant scolaire,3 Rue du Patis,-1.7157448,47.9795322,927,Oui,Scolaire,2007,,,,,,,,,,,,,,
17,35139,Laillé,Rennes Métropole,Restaurant scolaire,3 Rue du Patis,-1.7157448,47.9795322,927,Oui,Scolaire,2008,,,,,,,,,,,,,,
17,35139,Laillé,Rennes Métropole,Restaurant scolaire,3 Rue du Patis,-1.7157448,47.9795322,927,Oui,Scolaire,2009,103330,14273,,,,,,12971,971,,,,,
17,35139,Laillé,Rennes Métropole,Restaurant scolaire,3 Rue du Patis,-1.7157448,47.9795322,927,Oui,Scolaire,2010,107502,13309,,,,,,13413,1027,,,,,
17,35139,Laillé,Rennes Métropole,Restaurant scolaire,3 Rue du Patis,-1.7157448,47.9795322,927,Oui,Scolaire,2011,109593,13103,,,,,,15614,1131,,,,,
17,35139,Laillé,Rennes Métropole,Restaurant scolaire,3 Rue du Patis,-1.7157448,47.9795322,927,Oui,Scolaire,2012,100533,13958,,,,,,14495,1317,,,,,
17,35139,Laillé,Rennes Métropole,Restaurant scolaire,3 Rue du Patis,-1.7157448,47.9795322,927,Oui,Scolaire,2013,99960,16779,,,,,,15243,1463,,,,,
17,35139,Laillé,Rennes Métropole,Restaurant scolaire,3 Rue du Patis,-1.7157448,47.9795322,927,Oui,Scolaire,2014,85560,14332,,,,,,13947,1115,,,,,
17,35139,Laillé,Rennes Métropole,Restaurant scolaire,3 Rue du Patis,-1.7157448,47.9795322,927,Oui,Scolaire,2015,85910,15141,,,,,,13635,1161,,,,,
17,35139,Laillé,Rennes Métropole,Restaurant scolaire,3 Rue du Patis,-1.7157448,47.9795322,927,Oui,Scolaire,2016,106501,14937,,,,,,15547,1142,,,,,
17,35139,Laillé,Rennes Métropole,Restaurant scolaire,3 Rue du Patis,-1.7157448,47.9795322,927,Oui,Scolaire,2017,79592,65551,,,,,,12754,2990,,,,,
17,35139,Laillé,Rennes Métropole,Restaurant scolaire,3 Rue du Patis,-1.7157448,47.9795322,927,Oui,Scolaire,2018,94403,112185,,,,,,14478,6047,,,,,
17,35139,Laillé,Rennes Métropole,Restaurant scolaire,3 Rue du Patis,-1.7157448,47.9795322,927,Oui,Scolaire,2019,98366,115251,,,,,,15092,6248,,,,,
17,35139,Laillé,Rennes Métropole,Restaurant scolaire,3 Rue du Patis,-1.7157448,47.9795322,927,Oui,Scolaire,2020,104047,119098,,,,,,17137,6519,,,,,
17,35139,Laillé,Rennes Métropole,Restaurant scolaire,3 Rue du Patis,-1.7157448,47.9795322,927,Oui,Scolaire,2021,130186,22424,,,,83000,,22413,4850,,,,2822,
18,35139,Laillé,Rennes Métropole,Complexe l'Archipel,2 Boulevard du Commandant Cousteau,-1.718013,47.9825655,3499,Non,Sportif,2006,,,,,,,,,,,,,,
18,35139,Laillé,Rennes Métropole,Complexe l'Archipel,2 Boulevard du Commandant Cousteau,-1.718013,47.9825655,3499,Non,Sportif,2007,,,,,,,,,,,,,,
18,35139,Laillé,Rennes Métropole,Complexe l'Archipel,2 Boulevard du Commandant Cousteau,-1.718013,47.9825655,3499,Non,Sportif,2008,,,,,,,,,,,,,,
18,35139,Laillé,Rennes Métropole,Complexe l'Archipel,2 Boulevard du Commandant Cousteau,-1.718013,47.9825655,3499,Non,Sportif,2009,,,,,,,,,,,,,,
18,35139,Laillé,Rennes Métropole,Complexe l'Archipel,2 Boulevard du Commandant Cousteau,-1.718013,47.9825655,3499,Non,Sportif,2010,,,,,,,,,,,,,,
18,35139,Laillé,Rennes Métropole,Complexe l'Archipel,2 Boulevard du Commandant Cousteau,-1.718013,47.9825655,3499,Non,Sportif,2011,,,,,,,,,,,,,,
18,35139,Laillé,Rennes Métropole,Complexe l'Archipel,2 Boulevard du Commandant Cousteau,-1.718013,47.9825655,3499,Non,Sportif,2012,74389,206093,,,,,,13722,7993,,,,,
18,35139,Laillé,Rennes Métropole,Complexe l'Archipel,2 Boulevard du Commandant Cousteau,-1.718013,47.9825655,3499,Non,Sportif,2013,116137,179339,,,,,,17855,16107,,,,,
18,35139,Laillé,Rennes Métropole,Complexe l'Archipel,2 Boulevard du Commandant Cousteau,-1.718013,47.9825655,3499,Non,Sportif,2014,116793,155879,,,,,,16803,14358,,,,,
18,35139,Laillé,Rennes Métropole,Complexe l'Archipel,2 Boulevard du Commandant Cousteau,-1.718013,47.9825655,3499,Non,Sportif,2015,118907,146430,,,,,,15789,10723,,,,,
18,35139,Laillé,Rennes Métropole,Complexe l'Archipel,2 Boulevard du Commandant Cousteau,-1.718013,47.9825655,3499,Non,Sportif,2016,141246,161545,,,,,,20368,7899,,,,,
18,35139,Laillé,Rennes Métropole,Complexe l'Archipel,2 Boulevard du Commandant Cousteau,-1.718013,47.9825655,3499,Non,Sportif,2017,149462,173319,,,,,,21760,10095,,,,,
18,35139,Laillé,Rennes Métropole,Complexe l'Archipel,2 Boulevard du Commandant Cousteau,-1.718013,47.9825655,3499,Non,Sportif,2018,162852,200489,,,,,,23343,7766,,,,,
18,35139,Laillé,Rennes Métropole,Complexe l'Archipel,2 Boulevard du Commandant Cousteau,-1.718013,47.9825655,3499,Non,Sportif,2019,181239,212528,,,,,,25735,12002,,,,,
18,35139,Laillé,Rennes Métropole,Complexe l'Archipel,2 Boulevard du Commandant Cousteau,-1.718013,47.9825655,3499,Non,Sportif,2020,132807,203393,,,,,,21419,12650,,,,,
18,35139,Laillé,Rennes Métropole,Complexe l'Archipel,2 Boulevard du Commandant Cousteau,-1.718013,47.9825655,3499,Non,Sportif,2021,135227,185164,,,,,,22808,22808,,,,,
19,35139,Laillé,Rennes Métropole,Services Techniques + Salle Polyvalente,39 Rue de la Halte,-1.7317803,47.9795644,1400,Non,Administratif,2006,,,,,,,,,,,,,,
19,35139,Laillé,Rennes Métropole,Services Techniques + Salle Polyvalente,39 Rue de la Halte,-1.7317803,47.9795644,1400,Non,Administratif,2007,,,,,,,,,,,,,,
19,35139,Laillé,Rennes Métropole,Services Techniques + Salle Polyvalente,39 Rue de la Halte,-1.7317803,47.9795644,1400,Non,Administratif,2008,,,,,,,,,,,,,,
19,35139,Laillé,Rennes Métropole,Services Techniques + Salle Polyvalente,39 Rue de la Halte,-1.7317803,47.9795644,1400,Non,Administratif,2009,22226,,,,,,,3199,,,,,,
19,35139,Laillé,Rennes Métropole,Services Techniques + Salle Polyvalente,39 Rue de la Halte,-1.7317803,47.9795644,1400,Non,Administratif,2010,22592,,,,,,,3049,,,,,,
19,35139,Laillé,Rennes Métropole,Services Techniques + Salle Polyvalente,39 Rue de la Halte,-1.7317803,47.9795644,1400,Non,Administratif,2011,17608,,,,,,,2702,,,,,,
19,35139,Laillé,Rennes Métropole,Services Techniques + Salle Polyvalente,39 Rue de la Halte,-1.7317803,47.9795644,1400,Non,Administratif,2012,11511,,,,,,,2114,,,,,,
19,35139,Laillé,Rennes Métropole,Services Techniques + Salle Polyvalente,39 Rue de la Halte,-1.7317803,47.9795644,1400,Non,Administratif,2013,26220,,,,,,,4294,,,,,,
19,35139,Laillé,Rennes Métropole,Services Techniques + Salle Polyvalente,39 Rue de la Halte,-1.7317803,47.9795644,1400,Non,Administratif,2014,30060,,,,,,,4671,,,,,,
19,35139,Laillé,Rennes Métropole,Services Techniques + Salle Polyvalente,39 Rue de la Halte,-1.7317803,47.9795644,1400,Non,Administratif,2015,22925,,,,,,,3955,,,,,,
19,35139,Laillé,Rennes Métropole,Services Techniques + Salle Polyvalente,39 Rue de la Halte,-1.7317803,47.9795644,1400,Non,Administratif,2016,29068,,,,,,,4735,,,,,,
19,35139,Laillé,Rennes Métropole,Services Techniques + Salle Polyvalente,39 Rue de la Halte,-1.7317803,47.9795644,1400,Non,Administratif,2017,32554,,,,,,,5092,,,,,,
19,35139,Laillé,Rennes Métropole,Services Techniques + Salle Polyvalente,39 Rue de la Halte,-1.7317803,47.9795644,1400,Non,Administratif,2018,34730,,,,,,,5474,,,,,,
19,35139,Laillé,Rennes Métropole,Services Techniques + Salle Polyvalente,39 Rue de la Halte,-1.7317803,47.9795644,1400,Non,Administratif,2019,34533,,,,,,,5785,,,,,,
19,35139,Laillé,Rennes Métropole,Services Techniques + Salle Polyvalente,39 Rue de la Halte,-1.7317803,47.9795644,1400,Non,Administratif,2020,15531,,,,,,,2595,,,,,,
19,35139,Laillé,Rennes Métropole,Services Techniques + Salle Polyvalente,39 Rue de la Halte,-1.7317803,47.9795644,1400,Non,Administratif,2021,20347,,,,,,,4754,,,,,,